<?xml version="1.0" encoding="UTF-8"?>
<project-private xmlns="http://www.netbeans.org/ns/project-private/1">
    <editor-bookmarks xmlns="http://www.netbeans.org/ns/editor-bookmarks/2" lastBookmarkId="0"/>
    <open-files xmlns="http://www.netbeans.org/ns/projectui-open-files/2">
        <group>
            <file>file:/C:/Users/camyt/Desktop/P.O.O.2963/Assigment/Unit%203/HW_Strategy/Strategy/src/ec/edu/espe/strategy/controller/SortingStrategy.java</file>
            <file>file:/C:/Users/camyt/Desktop/P.O.O.2963/Assigment/Unit%203/HW_Strategy/Strategy/src/ec/edu/espe/strategy/controller/SortingContext.java</file>
            <file>file:/C:/Users/camyt/Desktop/P.O.O.2963/Assigment/Unit%203/HW_Strategy/Strategy/src/ec/edu/espe/strategy/controller/InsertionSort.java</file>
            <file>file:/C:/Users/camyt/Desktop/P.O.O.2963/Assigment/Unit%203/HW_Strategy/Strategy/src/ec/edu/espe/strategy/controller/BubbleSort.java</file>
            <file>file:/C:/Users/camyt/Desktop/P.O.O.2963/Assigment/Unit%203/HW_Strategy/Strategy/src/ec/edu/espe/strategy/view/SortApp.java</file>
            <file>file:/C:/Users/camyt/Desktop/P.O.O.2963/Assigment/Unit%203/HW_Strategy/Strategy/src/ec/edu/espe/strategy/controller/QuickSort.java</file>
        </group>
    </open-files>
</project-private>
