<?xml version="1.0" encoding="UTF-8"?>
<project-private xmlns="http://www.netbeans.org/ns/project-private/1">
    <editor-bookmarks xmlns="http://www.netbeans.org/ns/editor-bookmarks/2" lastBookmarkId="0"/>
    <open-files xmlns="http://www.netbeans.org/ns/projectui-open-files/2">
        <group>
            <file>file:/C:/Users/camyt/Desktop/P.O.O.2963/Workshops/UNIT%203/DesignPattern/src/designpattern/controller/WinButton.java</file>
            <file>file:/C:/Users/camyt/Desktop/P.O.O.2963/Workshops/UNIT%203/DesignPattern/src/designpattern/controller/LinuxFactory.java</file>
            <file>file:/C:/Users/camyt/Desktop/P.O.O.2963/Workshops/UNIT%203/DesignPattern/src/designpattern/controller/LinuxButton.java</file>
            <file>file:/C:/Users/camyt/Desktop/P.O.O.2963/Workshops/UNIT%203/DesignPattern/src/designpattern/controller/AbstractFactory.java</file>
            <file>file:/C:/Users/camyt/Desktop/P.O.O.2963/Workshops/UNIT%203/DesignPattern/src/designpattern/controller/Button.java</file>
            <file>file:/C:/Users/camyt/Desktop/P.O.O.2963/Workshops/UNIT%203/DesignPattern/src/designpattern/controller/LinuxMenu.java</file>
            <file>file:/C:/Users/camyt/Desktop/P.O.O.2963/Workshops/UNIT%203/DesignPattern/src/designpattern/controller/Menu.java</file>
            <file>file:/C:/Users/camyt/Desktop/P.O.O.2963/Workshops/UNIT%203/DesignPattern/src/designpattern/view/ClientApp.java</file>
            <file>file:/C:/Users/camyt/Desktop/P.O.O.2963/Workshops/UNIT%203/DesignPattern/src/designpattern/controller/WinFactory.java</file>
            <file>file:/C:/Users/camyt/Desktop/P.O.O.2963/Workshops/UNIT%203/DesignPattern/src/designpattern/controller/GUIFactory.java</file>
            <file>file:/C:/Users/camyt/Desktop/P.O.O.2963/Workshops/UNIT%203/DesignPattern/src/designpattern/controller/WinMenu.java</file>
        </group>
    </open-files>
</project-private>
