<?xml version="1.0" encoding="UTF-8"?>
<project-private xmlns="http://www.netbeans.org/ns/project-private/1">
    <editor-bookmarks xmlns="http://www.netbeans.org/ns/editor-bookmarks/2" lastBookmarkId="0"/>
    <open-files xmlns="http://www.netbeans.org/ns/projectui-open-files/2">
        <group>
            <file>file:/C:/Users/DTj/Desktop/P.O.O.2963/P.O.O.2963/Workshops/WS_0.4_ChikenFarmer/ChikrnFarmers/src/ec/edu/espe/chickenfarmers/view/ChickenFarmer.java</file>
            <file>file:/C:/Users/DTj/Desktop/P.O.O.2963/P.O.O.2963/Workshops/WS_0.4_ChikenFarmer/ChikrnFarmers/src/ec/edu/espe/chickenfarmers/view/ChickenFarmers.java</file>
            <file>file:/C:/Users/DTj/Desktop/P.O.O.2963/P.O.O.2963/Workshops/WS_0.4_ChikenFarmer/ChikrnFarmers/src/ec/edu/espe/chickenfarmers/view/Coop.java</file>
            <file>file:/C:/Users/DTj/Desktop/P.O.O.2963/P.O.O.2963/Workshops/WS_0.4_ChikenFarmer/ChikrnFarmers/src/ec/edu/espe/chickenfarmers/view/Egg.java</file>
            <file>file:/C:/Users/DTj/Desktop/P.O.O.2963/P.O.O.2963/Workshops/WS_0.4_ChikenFarmer/ChikrnFarmers/src/ec/edu/espe/chickenfarmers/view/Chicken.java</file>
        </group>
    </open-files>
</project-private>
