<?xml version="1.0" encoding="UTF-8"?>
<project-private xmlns="http://www.netbeans.org/ns/project-private/1">
    <editor-bookmarks xmlns="http://www.netbeans.org/ns/editor-bookmarks/2" lastBookmarkId="0"/>
    <open-files xmlns="http://www.netbeans.org/ns/projectui-open-files/2">
        <group>
            <file>file:/C:/Users/camyt/Desktop/P.O.O.2963/Workshops/UNIT%203/TemplateM/src/ec/edu/espe/templatemethod/view/TemplateM.java</file>
            <file>file:/C:/Users/camyt/Desktop/P.O.O.2963/Workshops/UNIT%203/TemplateM/src/ec/edu/espe/templatemethod/controller/Drive.java</file>
            <file>file:/C:/Users/camyt/Desktop/P.O.O.2963/Workshops/UNIT%203/TemplateM/src/ec/edu/espe/templatemethod/controller/Automatic.java</file>
            <file>file:/C:/Users/camyt/Desktop/P.O.O.2963/Workshops/UNIT%203/TemplateM/src/ec/edu/espe/templatemethod/view/FrmCar.java</file>
            <file>file:/C:/Users/camyt/Desktop/P.O.O.2963/Workshops/UNIT%203/TemplateM/src/ec/edu/espe/templatemethod/controller/Manual.java</file>
        </group>
    </open-files>
</project-private>
