<?xml version="1.0" encoding="UTF-8"?>
<project-private xmlns="http://www.netbeans.org/ns/project-private/1">
    <editor-bookmarks xmlns="http://www.netbeans.org/ns/editor-bookmarks/2" lastBookmarkId="0"/>
    <open-files xmlns="http://www.netbeans.org/ns/projectui-open-files/2">
        <group>
            <file>file:/C:/Users/camyt/Desktop/P.O.O.2963/Assigment/Unit%202/HW_18_Tablas/ec.edu.espe.Table/src/ec/edu/espe/table/FrmNewUser.java</file>
            <file>file:/C:/Users/camyt/Desktop/P.O.O.2963/Assigment/Unit%202/HW_18_Tablas/ec.edu.espe.Table/src/ec/edu/espe/table/FileLibrary.java</file>
            <file>file:/C:/Users/camyt/Desktop/P.O.O.2963/Assigment/Unit%202/HW_18_Tablas/ec.edu.espe.Table/src/ec/edu/espe/table/FrmTable.java</file>
            <file>file:/C:/Users/camyt/Desktop/P.O.O.2963/Assigment/Unit%202/HW_18_Tablas/ec.edu.espe.Table/src/ec/edu/espe/table/User.java</file>
            <file>file:/C:/Users/camyt/Desktop/P.O.O.2963/Assigment/Unit%202/HW_18_Tablas/ec.edu.espe.Table/src/ec/edu/espe/table/FrmPassword.java</file>
            <file>file:/C:/Users/camyt/Desktop/P.O.O.2963/Assigment/Unit%202/HW_18_Tablas/ec.edu.espe.Table/src/ec/edu/espe/table/Password.java</file>
        </group>
    </open-files>
</project-private>
